[
    {
      "title": "Learn Figma - UI/UX Design Essential Trainings",
      "image": "uiuxcourse.png",
      "lessons": 9,
      "duration": "2 weeks",
      "level": "All Levels",
      "instructor": "by Dataventics",
      "fees": "tag.svg"
    },
    {
      "title": "Learn SQL- sql Essential Trainings",
      "image": "sql.jpg",
      "lessons": 7,
      "duration": "3 weeks",
      "level": "Intermediate",
      "instructor": "by Dataventics",
      "fees": "tag.svg"
    },
    {
      "title": "Learn Web Development-Full Stack Essential Trainings",
      "image": "webdevcourse.png",
      "lessons": 9,
      "duration": "2 weeks",
      "level": "All Levels",
      "instructor": "by Dataventics",
      "fees": "tag.svg"
    },
    {
      "title": "Learn Figma - UI/UX Design Essential Trainings",
      "image": "uiuxcourse.png",
      "lessons": 9,
      "duration": "2 weeks",
      "level": "All Levels",
      "instructor": "by Dataventics",
      "fees": "tag.svg"
    },
    {
      "title": "Learn SQL- sql Essential Trainings",
      "image": "sql.jpg",
      "lessons": 7,
      "duration": "3 weeks",
      "level": "Intermediate",
      "instructor": "by Dataventics",
      "fees": "tag.svg"
    },
    {
      "title": "Learn Web Development-Full Stack Essential Trainings",
      "image": "webdevcourse.png",
      "lessons": 9,
      "duration": "2 weeks",
      "level": "All Levels",
      "instructor": "by Dataventics",
      "fees": "tag.svg"
    },{
      "title": "Learn Figma - UI/UX Design Essential Trainings",
      "image": "uiuxcourse.png",
      "lessons": 9,
      "duration": "2 weeks",
      "level": "All Levels",
      "instructor": "by Dataventics",
      "fees": "tag.svg"
    },
    {
      "title": "Learn SQL- sql Essential Trainings",
      "image": "sql.jpg",
      "lessons": 7,
      "duration": "3 weeks",
      "level": "Intermediate",
      "instructor": "by Dataventics",
      "fees": "tag.svg"
    }]
    
  
  