{
  "percentage":[
    {
      "id": 1,
      "title": "Learn SQL - SQL Essential Training",
      "description": "Through our initiatives, we aim to bridge educational gaps. We are committed to making a positive impact on education globally improve learning outcomes.",
      "progress": "2 of 20 Videos Completed",
      "image": "sql.jpg"
    },
    {
      "id": 2,
      "title": "Learn SQL - SQL Essential Training",
      "description": "Through our initiatives, we aim to bridge educational gaps. We are committed to making a positive impact on education globally improve learning outcomes.",
      "progress": "3 of 15 Videos Completed",
      "image": "sql.jpg"
    },
    {
      "id": 3,
      "title": "Learn SQL - SQL Essential Training",
      "description": "Through our initiatives, we aim to bridge educational gaps. We are committed to making a positive impact on education globally improve learning outcomes.",
      "progress": "5 of 10 Videos Completed",
      "image": "sql.jpg"
    }

  ]
}
 