{
  "all_courses": [
    {
      "id": "R1",
      "imageKey": "sql.webp",
      "url":"https://youtu.be/120d8xEcrHg?si=KR0Iyz3vxj2bRvrR",
      "image":"sql.webp",
      "title": "Learn SQL – SQL Essential Training",
      "lesson": "8 Lessons",
      "duration": "6 weeks",
      "level": "Beginner",
      "author": "by Dataventics",
      "tag": "tag.svg",
      "category": "Data Analysts",
      "reviews": 5,
      "description": "After successfully completion of course, Quizes, Practical Performance you will receive a Certificate of Completion. Which will be the proof of that you have completed the courses successfully and you know the fundamentals of the courses.",
      "price": "RS.399/-",
      "instructor": "Vineet & Khijendra",
      "totalLessons": 10,
      "courseDuration": "40 hrs",
      
      "courseLevel": "Beginners",
      "language": "English",
      "users": "50k+users"
    },
    {
      "id": "R2",
    "imageKey": "webdevcourse.png",
    "url":"https://youtu.be/120d8xEcrHg?si=KR0Iyz3vxj2bRvrR",
    "title": "Learn Web Development-Full Stack Essential Training",
    "lesson": "9 Lessons",
    
    "duration": "6 weeks",
    "level": "Beginner",
    "author": "by Dataventics",
    "tag": "tag.svg",
    "category": "Web Development",
    "reviews": 5,
    "description": "After successfully completion of course, Quizes, Practical Performance you will receive a Certificate of Completion. Which will be the proof of that you have completed the courses successfully and you know the fundamentals of the courses.",
    "price": "RS.399/-",
    "instructor": "Vineet & Khijendra",
    "totalLessons": 10,
    "courseDuration": "40 hrs",
    "courseLevel": "Beginners",
    "language": "English",
"users": "50k+users"
    },
    {
      "id": "R3",
    "imageKey": "uiuxcourse.png",
    "title": "Learn Figma – UI/UX Design Essential Training",
    "url":"https://youtu.be/120d8xEcrHg?si=KR0Iyz3vxj2bRvrR",
    "lesson": "8 Lessons",
    "duration": "2 weeks",
    "level": "Beginner",
    "author": "by Dataventics",
    "tag": "tag.svg",
    "category": "UI/UX Designing",
    "reviews": 5,
    "description": "After successfully completion of course, Quizes, Practical Performance you will receive a Certificate of Completion. Which will be the proof of that you have completed the courses successfully and you know the fundamentals of the courses.",
    "price": "RS.399/-",
    "instructor": "Vineet & Khijendra",
    "totalLessons": 10,
    "courseDuration": "40 hrs",
    "courseLevel": "Beginners",
    "language": "English",
"users": "50k+users"
    },
    {
      "id": "R4",
      "imageKey": "sql.webp",
      "url":"https://youtu.be/120d8xEcrHg?si=KR0Iyz3vxj2bRvrR",
      "image":"sql.webp",
      "title": "Learn SQL – SQL Essential Training",
      "lesson": "8 Lessons",
      "duration": "6 weeks",
      "level": "Beginner",
      "author": "by Dataventics",
      "tag": "tag.svg",
      "category": "Data Analysts",
      "reviews": 5,
      "description": "After successfully completion of course, Quizes, Practical Performance you will receive a Certificate of Completion. Which will be the proof of that you have completed the courses successfully and you know the fundamentals of the courses.",
      "price": "RS.399/-",
      "instructor": "Vineet & Khijendra",
      "totalLessons": 10,
      "courseDuration": "40 hrs",
      "courseLevel": "Beginners",
      "language": "English",
      "users": "50k+users"
    },
    {
      "id": "R5",
      "imageKey": "webdevcourse.png",
      "title": "Learn Web Development-Full Stack Essential Training",
      "lesson": "9 Lessons",
      "url":"https://youtu.be/120d8xEcrHg?si=KR0Iyz3vxj2bRvrR",
      "duration": "6 weeks",
      "level": "Beginner",
      "author": "by Dataventics",
      "tag": "tag.svg",
      "category": "Web Development",
      "reviews": 5,
      "description": "After successfully completion of course, Quizes, Practical Performance you will receive a Certificate of Completion. Which will be the proof of that you have completed the courses successfully and you know the fundamentals of the courses.",
      "price": "RS.399/-",
      "instructor": "Vineet & Khijendra",
      "totalLessons": 10,
      "courseDuration": "40 hrs",
      
      "courseLevel": "Beginners",
      "language": "English",
"users": "50k+users"
    },
    {
      "id": "R6",
      "imageKey": "uiuxcourse.png",
      "title": "Learn Figma – UI/UX Design Essential Training",
      "lesson": "8 Lessons",
      "duration": "2 weeks",
      "url":"https://youtu.be/120d8xEcrHg?si=KR0Iyz3vxj2bRvrR",
      "level": "Beginner",
      "author": "by Dataventics",
      "tag": "tag.svg",
      "category": "UI/UX Designing",
      "reviews": 5,
      "description": "After successfully completion of course, Quizes, Practical Performance you will receive a Certificate of Completion. Which will be the proof of that you have completed the courses successfully and you know the fundamentals of the courses.",
      "price": "RS.399/-",
      "instructor": "Vineet & Khijendra",
      "totalLessons": 10,
      "courseDuration": "40 hrs",
      "courseLevel": "Beginners",
      "language": "English",
"users": "50k+users"
    },
    { "id": "R7",
    "imageKey": "sql.webp",
    "url":"https://youtu.be/120d8xEcrHg?si=KR0Iyz3vxj2bRvrR",
      "image":"sql.webp",
      "title": "Learn SQL – SQL Essential Training",
      "lesson": "8 Lessons",
      
      "duration": "6 weeks",
      "level": "Beginner",
      "author": "by Dataventics",
      "tag": "tag.svg",
      "category": "Data Analysts",
      "reviews": 5,
      "description": "After successfully completion of course, Quizes, Practical Performance you will receive a Certificate of Completion. Which will be the proof of that you have completed the courses successfully and you know the fundamentals of the courses.",
      "price": "RS.399/-",
      "instructor": "Vineet & Khijendra",
      "totalLessons": 10,
      "courseDuration": "40 hrs",
      "courseLevel": "Beginners",
      "language": "English",
      "users": "50k+users"
    },
     {
      "id": "R8",
      "imageKey": "webdevcourse.png",
      "title": "Learn Web Development-Full Stack Essential Training",
      "lesson": "9 Lessons",
      "duration": "6 weeks",
      "url":"https://youtu.be/120d8xEcrHg?si=KR0Iyz3vxj2bRvrR",
      "level": "Beginner",
      "author": "by Dataventics",
      "tag": "tag.svg",
      "category": "Web Development",
      "reviews": 5,
      "description": "After successfully completion of course, Quizes, Practical Performance you will receive a Certificate of Completion. Which will be the proof of that you have completed the courses successfully and you know the fundamentals of the courses.",
      "price": "RS.399/-",
      "instructor": "Vineet & Khijendra",
      "totalLessons": 10,
      "courseDuration": "40 hrs",
      "courseLevel": "Beginners",
      "language": "English",
"users": "50k+users"

    }  ]
}
